id,x,y,z,conn_a,conn_f_30,conn_f_37,conn_f_60,conn_e,conn_c,bag_b_l,box,cross_gh,conn_g,conn_h,conn_k,conn_d,bag_b_r,bag_a_r,conn_b,conn_i,conn_j,bag_a_l
0,-16.0,-26.01,-21.19,0.7603508194985114,0.012910393562369758,0.009682795171777319,0.0,0.018962140544730582,0.030662184710628176,0.03146908430827629,0.0,0.03308288350357251,0.0,0.025013887527091407,0.034696682698868726,0.0028241485917683846,0.0,0.0,0.0,0.016541441751786255,0.0,0.023803538130619244
1,-26.91,-63.41,-8.04,0.0,0.5749888396522513,0.0,0.0,0.0,0.0,0.42501116034774866,0.0,0.0,0.0,0.0,0.0,0.0,0.0,0.0,0.0,0.0,0.0,0.0
2,-35.17,-73.29,-16.5,0.0,0.0,0.5576176373242236,0.0,0.012101645179580508,0.09009002522576601,0.0,0.0,0.09681316143664406,0.0,0.0,0.08067763453053672,0.0,0.0,0.0887453979835904,0.0,0.032271053812214685,0.0,0.04168344450744397
3,25.55,-73.02,-38.28,0.0,0.0,0.020289344507050062,0.8485545356438049,0.0,0.03115863620725545,0.0,0.020289344507050062,0.0,0.012318530593566107,0.0,0.0,0.0,0.0,0.03369480427063671,0.029347087590554554,0.004347716680082156,0.0,0.0
