name,mae
conn_j,3.6486722222222223
conn_i,3.6484833333333326
box,3.3965222222222224
conn_a,3.3754222222222223
conn_f_37,3.3067555555555557
conn_c,3.2045833333333333
conn_f_30,3.1555222222222223
conn_e,3.1451944444444444
conn_b,3.13085
conn_k,3.114322222222222
conn_h,3.010533333333333
conn_g,2.9521944444444443
bag_b_l,2.923233333333333
conn_d,2.8563722222222223
conn_f_60,2.7641166666666668
bag_b_r,2.6147444444444448
bag_a_r,2.345388888888889
cross_gh,2.3431
bag_a_l,1.838238888888889
