name,mae
conn_i,3.632077777777778
conn_j,3.6037888888888885
box,3.4651666666666667
conn_f_37,3.413988888888889
conn_b,3.38775
conn_a,3.352927777777778
conn_c,3.2842277777777777
conn_e,3.2036611111111113
conn_f_30,3.192172222222222
bag_b_l,3.106888888888889
bag_b_r,3.0430055555555553
conn_d,3.032277777777778
conn_h,3.017288888888889
conn_f_60,3.0119111111111114
conn_g,2.8959444444444444
conn_k,2.80905
cross_gh,2.499888888888889
bag_a_r,2.3920333333333335
bag_a_l,1.9397944444444442
